{"count":1,"self":104.14942719999999,"total":105.358387,"children":{"InitializeActuators":{"count":1,"self":0.00080399999999999992,"total":0.00080399999999999992,"children":null},"InitializeSensors":{"count":1,"self":0.00098399999999999985,"total":0.00098399999999999985,"children":null},"AgentSendState":{"count":5239,"self":0.018879,"total":0.040979,"children":{"CollectObservations":{"count":1048,"self":0.012676999999999999,"total":0.012676999999999999,"children":null},"WriteActionMask":{"count":1048,"self":0.001124,"total":0.001124,"children":null},"RequestDecision":{"count":1048,"self":0.0082989999999999991,"total":0.0082989999999999991,"children":null}}},"DecideAction":{"count":5239,"self":0.520539,"total":0.520539,"children":null},"AgentAct":{"count":5239,"self":0.64522499999999994,"total":0.64522499999999994,"children":null}},"gauges":{"RobotAgent.CumulativeReward":{"count":31,"max":102.21463,"min":-1.092,"runningAverage":90.10154,"value":99.84838,"weightedAverage":99.27457}},"metadata":{"timer_format_version":"0.1.0","start_time_seconds":"1724374909","unity_version":"2022.3.38f1","command_line_arguments":"\/Applications\/Unity\/Hub\/Editor\/2022.3.38f1\/Unity.app\/Contents\/MacOS\/Unity -projectpath \/Users\/wesleyalvarado\/My project -useHub -hubIPC -cloudEnvironment production -licensingIpc LicenseClient-wesleyalvarado -hubSessionId d351c006-b620-495a-a32b-c18955062a59 -accessToken 2Vo8fHiAduOVRo2G12B_JqbL0wsLWbPvhdJ2OAKpVto001f","communication_protocol_version":"1.5.0","com.unity.ml-agents_version":"2.0.1","scene_name":"NewLargeMaze","end_time_seconds":"1724375015"}}